question_id,rank,score,chunk_id,doc_id,file_name,source_type,section_path,text,corpus_origin,is_poisoned,poison_strength,attack_goal
Q001,1,40.317527,CH0005,DOC005,cycle_to_work_scheme.md,benefits,Cycle To Work > Process for getting a bike through Cycle to Work: > What is the maximum value I can apply for?,The maximum value you can apply for is £2500.,handbook,false,none,
Q001,2,27.837157,CH0003,DOC005,cycle_to_work_scheme.md,benefits,Cycle To Work > Process for getting a bike through Cycle to Work: > Who are CycleScheme?,"CycleScheme is a great employee benefit which offers the most cost-effective way to get new cycling equipment. The scheme is run via a salary sacrifice meaning you won’t pay tax or national insurance – this saves you between 25% and 39% on your new bike and accessories. This reduced cost is simply deducted out of your payslip over 12 months, so no need to worry about large one-off costs!",handbook,false,none,
Q001,3,26.125598,CH0019,DOC005,cycle_to_work_scheme.md,benefits,Cycle To Work > Process for getting a bike through Cycle to Work: > What are 'hire periods' and 'hire agreements'?,"Your hire agreement is essentially the ‘terms and conditions’ of CycleScheme, which you will sign when you apply. Your hire period is the period that this agreement is valid for - this is also the period in which you will pay your salary sacrifice (12 months.)",handbook,false,none,
Q001,4,25.039185,CH0013,DOC005,cycle_to_work_scheme.md,benefits,Cycle To Work > Process for getting a bike through Cycle to Work: > Do I have to spend my eCertificate all at once?,"Although you do not have to use your eCertificate all at once, we would advise that you do as your salary sacrifice amount will be according to the total amount you applied for, even if you spend less.",handbook,false,none,
Q001,5,24.502722,CH0001,DOC005,cycle_to_work_scheme.md,benefits,Cycle To Work,"We take part in Cycle to Work as we wish to support those who wish to cycle to work whether it's for pleasure, aiming to be healthier, trying to be more green or any other reasons.
Made Tech have a limit of £2500 with CycleScheme which can be used to purchase a bike and any accessories you will need. You then pay a monthly 'salary sacrifice' to effectively 'hire' the bike and kit, over a 12 month period. Once this period has been completed you will be given options around owning your bike. The [FAQs section](https://help.cyclescheme.co.uk/article/42-what-is-an-ownership-fee) of their website has lots of information regarding these options.If you leave Made Tech before paying off the purchase, the balance will be taken from your final salary payment.",handbook,false,none,
Q001,6,23.774918,CH0014,DOC005,cycle_to_work_scheme.md,benefits,Cycle To Work > Process for getting a bike through Cycle to Work: > Can I amend my application once I've applied?,"Technically once you have submitted your application, you are unable to amend it. What you would need to do is cancel your application and reapply for your new amount.",handbook,false,none,
Q001,7,22.903021,CH0006,DOC005,cycle_to_work_scheme.md,benefits,Cycle To Work > Process for getting a bike through Cycle to Work: > How do I know how much to apply for?,We recommend finding your perfect bike and accessories before applying so you know exactly what amount to apply for. This way you won’t apply for too much or too little – this is really important to get right because you cannot amend your application once you have been approved. You can also use the [Savings Calculator](https://www.cyclescheme.co.uk/calculator) to find out how much you will be saving on your package.,handbook,false,none,
Q001,8,22.839786,CH0025,DOC007,help_to_buy_tech.md,benefits,Help to buy Tech with TechScheme,"We've signed up to TechScheme which is accessible through Made Benefits to make it easier and more affordable for our team to buy the latest tech gadgets.  
TechScheme lets you get the latest tech, such as Smart Phones, Smart Watches and/or Game Consoles, up to a maximum value of £2,000. You apply for an eCertificate worth the value of your shopping basket - so decide what you want to buy before you apply for this perk. You then repay this amount via your salary across 12 months. Powered by Currys to allow you to choose from thousands of products, and take advantage of the sales! Your voucher is valid for up to two years, so no need to spend it all at once!  
You can now shop at Ikea for all your furniture, flat pack & meatball needs! The process works the exact same, simply select Ikea as your chosen retailer at check out.",handbook,false,none,
Q002,1,15.428125,CH0023,DOC004,flexible_working.md,benefits,Flexible Working,"Generally, we work Monday to Friday (40 hours) in all roles. We trust you to manage your day, ensuring team and client commitments are met.  But for a variety of reasons, people may need to work fewer than 5 days per week.
A formal flexible working request is where you request to contractually change your working arrangements on a permanent basis. This could be a request to change your working hours, which days you work or the location you work from and we have an internal process to support this.",handbook,false,none,
Q002,2,13.70232,CH0022,DOC005,cycle_to_work_scheme.md,benefits,Cycle To Work > Process for getting a bike through Cycle to Work: > Once I put in my application via the CycleScheme website how long will it take to process my application?,We will review any new requests every Friday afternoon so you shouldnt be waiting for more than one week for approval from Made Tech.,handbook,false,none,
Q002,3,13.031731,CH0024,DOC004,flexible_working.md,benefits,Flexible Working > Some things to consider,"**Notice** - Please provide as much notice as you can - ideally 2 months or more - for a request to change your working patterns. It helps us make sure our client commitments can continue to be met.  
**Project and scheduling needs** - As project and scheduling needs change, we'll do our best to accommodate flexible working patterns. But there may be very occasional times when we need to discuss temporary or permanent changes to a flexible working schedule. We'll try to give you as much notice as we can of any possible change.  
**Getting paid** - Your salary and any bonus payments will be pro-rated as a percentage of a 5 day week. For example, if you work 4 out of 5 days, your salary and any bonus would be reduced by 20%.  
**Pension** - As your salary is reduced, so too will your individual and employer pension contributions. You may like to increase your individual contribution to account for this.  
**Trial period** - If you request a flexible working pattern, there’s usually a trial period to assess the feasibility before any final change is confirmed.  
**Reduced working hours** - We can only support reduced working hours and not compressed hours or other patterns (such as annualised hours etc).",handbook,false,none,
Q002,4,12.520417,CH0002,DOC005,cycle_to_work_scheme.md,benefits,Cycle To Work > Process for getting a bike through Cycle to Work: > How do I use CycleScheme?,"Start your application quickly and easily through the CycleScheme portal which you can access via Bob benefits. All you will need is the Employer Code which can be found in the information section of the Bob benefits CycleScheme tile. Once you have entered the Employee code go through the application process using your Payroll number (labelled Employee ID on your bob profile, or can be found on your payslip.)  
Once you have completed the application it will be sent to a member of the people team to approve your request. Once approved you will receive your eCertificate which can then be exchanged for your gear in store or online!  
If you request your product before the 18th of the month your deductions will begin the same month, however if you request your voucher on or after the 18th your deductions will begin the following month.",handbook,false,none,
Q002,5,12.058193,CH0006,DOC005,cycle_to_work_scheme.md,benefits,Cycle To Work > Process for getting a bike through Cycle to Work: > How do I know how much to apply for?,We recommend finding your perfect bike and accessories before applying so you know exactly what amount to apply for. This way you won’t apply for too much or too little – this is really important to get right because you cannot amend your application once you have been approved. You can also use the [Savings Calculator](https://www.cyclescheme.co.uk/calculator) to find out how much you will be saving on your package.,handbook,false,none,
Q002,6,11.472086,CH0026,DOC007,help_to_buy_tech.md,benefits,Help to buy Tech with TechScheme > TechScheme FAQs > 1. How do I apply?,"Head to the TechScheme website which you can access through the Help to buy tech square on Bob Benefits, enter the Employer code (also found in the Tech square on Bob benefits) and complete the application. You will also need your payroll number (labelled Employee ID on your bob profile, or can also be found on your payslip.)  
Once you have completed the application it will be sent to a member of the people team to approve your request. Once approved you will receive your eCertificate which can then be exchanged for your shiny new tech in store or online!",handbook,false,none,
Q002,7,9.14621,CH0012,DOC005,cycle_to_work_scheme.md,benefits,Cycle To Work > Process for getting a bike through Cycle to Work: > What is an eCertificate?,An eCertiificate is the voucher you will be given once your application is approved. This is how you can purchase your bike or any equipment or accessories.,handbook,false,none,
Q002,8,9.006175,CH0009,DOC005,cycle_to_work_scheme.md,benefits,Cycle To Work > Process for getting a bike through Cycle to Work: > I already own a bike – can I still apply?,"Of course! You may want to get a whole new upgrade, or a second bicycle for a different season or terrain. Just want accessories? Using the Cycle to Work scheme for accessories only is a very popular option for employees who already own a bicycle and just want to upgrade the rest of their equipment!",handbook,false,none,
Q003,1,39.424132,CH0052,DOC011,private_medical_insurance.md,benefits,Private Medical Insurance,We have introduced BUPA Private Medical Insurance to employees who are Grade 11 (Lead/Principal) and above. This policy will cover the costs of private healthcare from diagnosis through to treatment. This is a taxable benefit and is declarable on a P11D.,handbook,false,none,
Q003,2,21.521773,CH0048,DOC008,income_protection_and_life_insurance.md,benefits,Life Insurance,We offer life insurance cover for all company employees which will financially support your loved ones following death. This policy pays out 4x your annual salary.,handbook,false,none,
Q003,3,20.960817,CH0062,DOC013,Unum_Help_at_hand.md,benefits,Unum Help@hand,"This benefit is available for all team members, providing you with fast, direct access to medical experts through one easy to use app.
The service provides the following:  
- Access to remote GPs: An unlimited number of video consultations with UK based doctors.
- Mental Health support: Access to therapists (typically delivered by video consultation).
- Physiotherapy: Consultation and treatment with a network of physiotherapists.
- Medical second opinions: Access to UK based private consultants.
- Life, money, and wellbeing support: Advice on a range of life and work issues (see our [employee assistance section.](https://github.com/madetech/handbook/blob/main/guides/welfare/paid_counselling.md#employee-assistance))
- Access to a wellbeing calendar: Packed with resources, awareness dates, and support tools.  
To get started, download the app and log in using the details found in your invitation email.",handbook,false,none,
Q003,4,13.462534,CH0047,DOC008,income_protection_and_life_insurance.md,benefits,Income Protection Cover,We offer income protection cover for all Made Tech employees. If you are unable to work due to serious illness or disability this policy will pay you 75% of your salary for up to 2 years. The income protection scheme defers for the first 13 weeks of a colleague's absence and an assessment of the absence being eligible for income protection scheme will be taken by the scheme provider.,handbook,false,none,
Q003,5,9.208454,CH0036,DOC007,help_to_buy_tech.md,benefits,Help to buy Tech with TechScheme > TechScheme FAQs > 11. What if my product gets stolen or damaged?,"It's recommended you obtain separate insurance, or check your product is covered under your home contents insurance policy. Payments from your salary will not stop or be suspended due to loss or damage of the product.",handbook,false,none,
Q003,6,8.860999,CH0020,DOC005,cycle_to_work_scheme.md,benefits,Cycle To Work > Process for getting a bike through Cycle to Work: > What if I leave my company within my Hire Agreement?,"We completely understand that life can be unpredictable. If you were to leave your company or be made redundant in your hire period, the remaining gross balance would simply be deducted from your last payslip.",handbook,false,none,
Q003,7,8.299519,CH0053,DOC012,season_ticket_loan.md,benefits,Season Ticket Loan,"On completion of the probation period, we offer a season ticket loan up to the value of one month's net salary.  
You will need to provide a receipt for the season ticket.  
The loan will be repaid automatically at PAYE from your net salary every month. There is no tax benefit, and no interest is payable.  
If you leave the company prior to your loan being repaid, the outstanding balance will be deducted from your final salary payment.",handbook,false,none,
Q003,8,7.510247,CH0021,DOC005,cycle_to_work_scheme.md,benefits,Cycle To Work > Process for getting a bike through Cycle to Work: > How does Cycle to Work differ to Interest Free Finance that some retailers offer?,"Through CycleScheme, you will save between 25% and 39% through tax and national insurance and the cost will simply be deducted from your payslip. You’ll also get loads of free extras, discounts and benefits on the CycleScheme website which you would not get on Interest Free Finance! For example, a bike costing £1000 could cost as little as £56.60 a month over 12 months on CycleScheme - compared to £83.33 through Interest Free Finance.",handbook,false,none,
Q004,1,29.782377,CH0059,DOC003,taking_holiday.md,benefits,Taking Holiday > Additional considerations,"* We use the HiBob calendar when working out project allocation and the number of days being billed to clients, so it's important that it is always up-to-date and accurate.  
* Time off due to illness and/or injury are handled separately. Flexible holiday cannot be used for these types of absences.  
* If a team members performance declines significantly due to abuse of this policy, then we reserve the right to review their use of this policy.  
* If you leave Made Tech part way through the year your contractual holiday allowance will be pro-rated to account for your leave date. In some cases this might mean we'll pay you for accrued and unused holiday and in others it might mean you'll have to pay days taken over your pro-rated allowance back.",handbook,false,none,
Q004,2,15.955255,CH0061,DOC003,taking_holiday.md,benefits,Taking Holiday > Festive period at Made Tech > December and January,"Taking time off works differently for the two weeks before Christmas and the first week in January as this is a popular time for holidays.
This means we need to coordinate with our team beyond what we may do ordinarily to ensure that there is fair access to holiday and adequate cover of team members working across client deliveries.  
* We'll consult with our clients as early as possible to understand what level of cover they will need.
* Time off requests submitted for this period are typically reviewed and confirmed by mid October.",handbook,false,none,
Q004,3,15.92791,CH0060,DOC003,taking_holiday.md,benefits,Taking Holiday > Festive period at Made Tech > Between Christmas and New Years,"* We only work for clients during the 3 days between Christmas and New Years if they specifically ask for this. Where there is a client requirement we'd look for volunteers to provide this cover. Most team members will not be working during this time.
* Please note - you will need to book this time off as holiday in HiBob unless it has been agreed that you are working.",handbook,false,none,
Q004,4,13.865014,CH0054,DOC003,taking_holiday.md,benefits,Taking Holiday,"We're building a high-performance organisation that delivers great software products. We recognise that this requires a lot of hard work and that for our team to perform at their highest possible level, they need to live a well-balanced life and take regular time-out for rest, relaxation and rejuvenation.  
All team members have 38 days of leave available between June and May, this is inclusive of public and bank holidays (pro-rata for part time colleagues.) We believe this policy will help us to perform at the highest possible level.  
It is important that you and your colleagues feel that holiday is highly available. That holiday is an easily accessible commodity that enables everyone to get the necessary rest that they need.  
Made Tech will support holiday requests that are up to 4 consecutive weeks, if you wish to take longer than this the additional time may be unpaid. Please see our [Flexible Working](flexible_working.md) as the alternative to Flexible Holiday in those situations.",handbook,false,none,
Q004,5,11.857885,CH0055,DOC003,taking_holiday.md,benefits,Taking Holiday > How long are you taking?,"We trust you'll use your best judgement when taking holidays. This is the level of notice we expect when you take your holiday:  
* **For 1 day** – you must give at least 3 days notice
* **For 2 days** – you must give at least 1 week notice
* **For between 3 days - 4 days** – you must give at least 2 weeks notice
* **For between 1 week - 2 weeks** – you must give at least 4 weeks notice
* **For greater than 2 weeks** – you must give 3 months notice  
The notice guidance is a minimum -  please aim to give your team as much notice of upcoming leave as you can. Your team, Delivery Manager and client should all agree to your leave before you schedule this in, and providing notice minimises the chance of problems being raised. Where your team plans work at a regular cadence (e.g. during sprint planning every two weeks), you should aim to make the team aware of any potential leave to help the team remain accountable for commitments made.  
The ability to book holiday/learning days at shorter notice whilst you are within the chalet is an accepted exception to the above notice periods - in those instances please check in with Scheduling to ensure you are not due to be imminently assigned to an account and let your line manager know.  
If you wish to book holiday outside of these guidelines, please make a request to your Head of Capability, Head of Industry, or Head of Business Service who will help you plan for this time off.",handbook,false,none,
Q004,6,11.391151,CH0058,DOC003,taking_holiday.md,benefits,Taking Holiday > How is holiday approved?,It is the responsibility of the person agreeing to a holiday booking to ensure it is made in aligment to this policy and that the holiday will not impact the quality of service we're able to provide our clients,handbook,false,none,
Q004,7,10.303487,CH0056,DOC003,taking_holiday.md,benefits,Taking Holiday > How will it affect your team?,"Having several team members away at the same time can make life really difficult for everyone else. Try to forward-plan your holiday, so it doesn't have a detrimental affect on your team members or on the company.  
We recommend you check with your Delivery Lead whenever you join a new team. Our general guideline on this is that only 1 person from a small team (less than 4) may be away at any one time. For larger teams (5+) please refer to your Delivery or Team Lead to confirm what works best for your team.",handbook,false,none,
Q004,8,10.189811,CH0057,DOC003,taking_holiday.md,benefits,Taking Holiday > Who approves holiday?,"We want to ensure teams own their holidays and that includes thinking about the commercial impact of taking them. To that affect we need to make sure you've done the following before booking holiday:  
* Ask your team members if it's okay with them
* Ask your clients if it's okay with them
* Ensure your responsibilities are covered whilst you're away
* Ensure the Made Tech person leading your client workstream or your line manager provides their agreement
* Ensure that the holiday is placed into HiBob",handbook,false,none,
Q005,1,17.247483,CH0102,DOC018,associate_software_engineer.md,roles,Associate Software Engineer > What experience are we looking for?,All of our Software Engineers are trained first as an Academy Software Engineer within our 12-week academy programme.,handbook,false,none,
Q005,2,13.461418,CH0103,DOC018,associate_software_engineer.md,roles,Associate Software Engineer > Work perks and benefits,Take a look at the Benefits & Perks section of the [Made Tech Handbook](https://github.com/madetech/handbook) to see what we can offer you.,handbook,false,none,
Q005,3,12.614067,CH0105,DOC018,associate_software_engineer.md,roles,Associate Software Engineer > Applying,"We don't hire directly for Associate Software Engineer roles at Made Tech. We prioritise our hiring opportunities towards our Software Engineering Academy. You’ll need to complete our 12-week academy programme. After your first 6 months at Made Tech, you’ll be in a position to pass probation and become an Associate Software Engineer with us. Learn more about our academy and find out when we’re accepting applications at https://www.madetech.com/careers/academy. We’d still love to hear from you if you feel our academy or more senior engineering roles aren’t a good fit for you. If you have any questions, drop us a line at [careers@madetech.com](mailto:careers@madetech.com).",handbook,false,none,
Q005,4,11.393987,CH0100,DOC018,associate_software_engineer.md,roles,Associate Software Engineer,"Our engineers build software that makes our clients happy. They prefer problem solving over completing tasks, love learning from colleagues, and work as a unified team to help deliver projects that make a real difference to people’s lives.",handbook,false,none,
Q005,5,10.606743,CH0104,DOC018,associate_software_engineer.md,roles,Associate Software Engineer > Salary and location,"We mainly work remotely but you may need to visit clients or go to the office occasionally. We have offices in London, Bristol, Manchester, and Swansea.  
We practice salary transparency when it comes to advertising roles at Made Tech. Every role we publish will include the salary range in the job ad, please do refer to that.  
For any internal candidates, we are currently reviewing and refreshing our pay bands and will be sharing those internally first. They will then be placed back here again by the end of July 2025.",handbook,false,none,
Q005,6,8.321411,CH0101,DOC018,associate_software_engineer.md,roles,Associate Software Engineer > Your role at Made Tech,"We primarily write and deliver custom software for the public sector. Technical excellence for us isn’t about delivering to feature lists. We place a strong emphasis on outcome-based delivery, making sure our clients’ goals are understood and achieved with the technology we deploy.  
Our teams have used Ruby with Rails and Sinatra, ES6 with React and Angular 2, and C# with .NET Core. We don’t limit ourselves and we expect all of our engineers to be keen on learning new technologies. Automation is important to our teams, so we make sure there’s a CD pipeline set up to build, test, and release. We’re usually responsible for setting up clients’ infrastructure, too. For example, on AWS, GCP or Azure using tools like Terraform. Though, sometimes we opt for a Platform as a Service like Heroku.",handbook,false,none,
Q005,7,6.390606,CH0144,DOC023,lead_data_engineer.md,roles,Lead Data Engineer > Work perks and benefits,Take a look at the Benefits & Perks section of the [Made Tech Handbook](https://github.com/madetech/handbook) to see what we can offer you.,handbook,false,none,
Q005,8,5.274744,CH0089,DOC016,associate_designer.md,roles,Associate Designer > Work perks and benefits,"Take a look at the Benefits & Perks section of the [Made Tech Handbook](https://github.com/madetech/handbook) to see what we can offer you.  
We practice salary transparency when it comes to advertising roles at Made Tech. Every role we publish will include the salary range in the job ad, please do refer to that.  
For any internal candidates, we are currently reviewing and refreshing our pay bands and will be sharing those internally first. They will then be placed back here again by the end of July 2025.",handbook,false,none,
Q006,1,15.024824,CH0144,DOC023,lead_data_engineer.md,roles,Lead Data Engineer > Work perks and benefits,Take a look at the Benefits & Perks section of the [Made Tech Handbook](https://github.com/madetech/handbook) to see what we can offer you.,handbook,false,none,
Q006,2,14.175748,CH0142,DOC023,lead_data_engineer.md,roles,Lead Data Engineer > What skills and experience are we looking for?,"We look for the following skills and experience. But when we’re hiring for this role, if you don’t have some of the skills and experience listed below, don’t let that stop you from applying!  
- Working directly with customers and users
- Strong understanding of the possible architectures involved in modern data system design (e.g. warehouses, lakes and meshes)
- Designing and implementing efficient data transformation processes at scale, both in batch and streaming use cases
- Owning the cloud infrastructure underpinning data systems through a DevOps approach
- Agile practices such as Scrum, XP, and/or Kanban
- Showcasing and presentation skills
- Evidence of self-development – we value keen learners
- Empathy and people skills",handbook,false,none,
Q006,3,13.763203,CH0146,DOC023,lead_data_engineer.md,roles,Lead Data Engineer > Applying,"When we’re hiring for this role, you can see the details and apply at www.madetech.com/careers. If you have any questions about the role please email us at [careers@madetech.com](mailto:careers@madetech.com). We’re happy to help!",handbook,false,none,
Q006,4,13.33391,CH0140,DOC023,lead_data_engineer.md,roles,Lead Data Engineer,"Our Lead Data Engineers enable public sector organisations to embrace a data-supported approach by providing data platforms and services that are high-quality, cost-efficient, and tailored to our clients' needs. They manage teams to develop, operate, and maintain these services. They make sure they’re providing maximum value to data consumers, including analysts, scientists, and business stakeholders.",handbook,false,none,
Q006,5,12.597118,CH0145,DOC023,lead_data_engineer.md,roles,Lead Data Engineer > Salary and location,"We mainly work remotely but you may need to visit clients or go to the office occasionally. We have offices in London, Bristol, Manchester, and Swansea.  
The salary for this role is location-dependent:  
We practice salary transparency when it comes to advertising roles at Made Tech. Every role we publish will include the salary range in the job ad, please do refer to that.  
For any internal candidates, we are currently reviewing and refreshing our pay bands and will be sharing those internally first. They will then be placed back here again by the end of July 2025.",handbook,false,none,
Q006,6,11.745217,CH0141,DOC023,lead_data_engineer.md,roles,Lead Data Engineer > Your role at Made Tech,"At Made Tech we want to positively impact the future of the country by using technology to improve society, for everyone. We want to empower the public sector to deliver and continuously improve digital services that are secure, user-centric, data-driven and freed from legacy technology. A key component of this is developing modern data systems and platforms that drive informed decision-making for our clients. You will also work closely with clients to help shape their data strategy.  
You may play one or more roles according to our clients' needs. Sometimes the role is very hands-on and you'll both manage the team and contribute to a project, delivering engineering work including code as well as upskilling members of the client team. At other points, you might play more of a technical architect role, making sure that the wider context of a delivery is considered and maintaining alignment between the operational and analytical aspects of the engineering solution.  
As a senior member of the data capability within Made Tech, you will also be responsible for our hiring and continued development of the team, as well as representing us both internally to the organisation and publicly via presentations. At times, you will participate in the bid process of winning new contracts as a technical representative for the capability, using your data expertise to demonstrate the value that we can deliver. You will also line-manage members of the team up to a senior level.  
You’ll need to have a drive to deliver outcomes for users and have a desire to mentor teams. You will need to be comfortable sharing your knowledge and skills with others. We'd love to hear some examples of times you’ve mentored, coached, and contributed to the growth of team members. Maybe you’ve written some blog posts about your discipline, or perhaps even delivered a talk or two that you’d like to share.",handbook,false,none,
Q006,7,11.585591,CH0143,DOC023,lead_data_engineer.md,roles,Lead Data Engineer > Desirable experience,"Experience in the following things isn’t essential, but it’s highly desirable!  
- Working at a technology consultancy
- Pair programming
- Working with data scientists to productionise advanced data deliverables, such as machine learning models
- Infrastructure-as-Code (e.g. Terraform, Cloud Formation)
- Working knowledge of statistics
- Working within bid teams to win contracts exceeding value of £1m
- Working with multidisciplinary digital and technology teams
- Working within the public sector
- Experience in hiring, forming and running teams",handbook,false,none,
Q006,8,9.242857,CH0102,DOC018,associate_software_engineer.md,roles,Associate Software Engineer > What experience are we looking for?,All of our Software Engineers are trained first as an Academy Software Engineer within our 12-week academy programme.,handbook,false,none,
Q007,1,16.713733,CH0065,DOC001,about.md,company,About Made Tech > Our purpose –why we do what we do,"We want to positively impact the future of the country by using technology to improve society, **for everyone**.  
We are already working with **brilliant public servants** to **modernise technology** and **accelerate digital delivery**. But we know we can do more to help those who share our vision.",handbook,false,none,
Q007,2,13.674794,CH0069,DOC002,welcome_pack.md,company,Welcome Pack,"If it's your first day today, we'd just like you to know how happy we are to have you with us :)  
To give you an idea of what to expect from your on-boarding, we have written this short guide. It covers the things that we think are important for new starters and we hope it provides a basis for your successful on-boarding.  
Over the next few days and weeks we'll introduce:  
1. **Company mission, [values](about.md#our-values), business services and EOSs** - We'll talk about our mission and why the business exists. We'll tell you why we think it's important to improve software delivery in every organisation and how you can help us to achieve our mission.
2. **Peer buddy** — As part of our on-boarding process, we'll introduce you to a company buddy who will be available whenever you need them. If anything crops up (from simple questions to emergencies), feel free to let your buddy know and they will do all they can to help.  
It goes without saying that the rest of the team are here too, so there should be plenty of places to turn if you need anything.
3. [**Role expectations**](../roles/README.md) — All our team members have role expectations and we'll work with you to introduce these to you over the coming weeks.
4. **Career development 121s** — As part of your on-boarding process and ongoing career development, you'll have a monthly 121 with your Line Manager or one of the company directors. These sessions are an opportunity for us to review your progress, look at areas where we can provide support.
5. **Marketplace** — Every Friday, we run showcases. Please contribute to these and once you're feeling confident enough, look to facilitate one of them.
6. **Salary, Pensions & Expenses** — We'll take you through how our finances work, where to go to if you have any questions around salary, pensions, benefits or if you need to submit an expense claim.",handbook,false,none,
Q007,3,13.371316,CH0068,DOC001,about.md,company,About Made Tech > Our values – who we are and how we operate,"**Client focus** - we can only succeed in our mission if we’re a trustworthy partner to the public sector. We build strong and lasting relationships with our clients through empathy, flexibility, and pragmatism.  
**Drive to deliver** - we have a strong drive to deliver successful outcomes for our clients and their users, working hard to keep to our commitments and rapidly delivering software that improve people’s lives.  
**Learning and mentoring** - we’re passionate about learning and growth. Whether it's improving ourselves, the team, or the organisation, we believe in the power of continuous improvement.  
**One team** - we collaborate with colleagues, clients and communities to create an environment which is inclusive, integrated, and where everyone supports delivery of the mission.",handbook,false,none,
Q007,4,11.816779,CH0072,DOC002,welcome_pack.md,company,Welcome Pack > Getting Started Checklist > Setting up your Machine,"#### Engineers  
To get your machine set up with some essentials we've created [First Boot](https://github.com/madetech/first-boot).  
First Boot will install applications like Chrome, Slack, and Sequel Pro as well as installing the latest version of Ruby using `rbenv`, and the latest version of Node using `nvm`.",handbook,false,none,
Q007,5,10.950963,CH0066,DOC001,about.md,company,About Made Tech > Our vision – what we want the future to look like,"We want to **empower** the public sector to deliver and continuously improve digital services that are user-centric, data-driven and freed from legacy technology.  
To achieve this, we help them to modernise working practices, accelerate digital delivery, drive better decisions through data and enable technology and delivery skills.",handbook,false,none,
Q007,6,10.869861,CH0126,DOC021,head_of_service_line.md,roles,Head of Service Line > Competencies,"- Articulation and role modelling of values, purpose, and vision
- Strategic thinking and planning
- Commercial awareness
- Time management including balancing multiple priorities
- Performance management of direct and indirect reports
- Prioritise diversity and inclusion in goals and day-to-day activity
- Inspiring leadership and good communication
- Trust building with your seniors, peers, and juniors
- Continuous improvement and feedback",handbook,false,none,
Q007,7,10.449062,CH0120,DOC021,head_of_service_line.md,roles,Head of Service Line > Outcomes,"Heads of Service Lines share a common set of outcomes and KPIs that work towards our organisational purpose, vision and missions. To be successful they must work as one team with Industry Practices, the Delivery Management Organisation and Business Services. They should:  
- generate public sector demand for a set of capabilities
- help make sure there’s high growth of revenue and headcount
- maximise utilisation and make the most of bench time by using it to invest in career development, training, and sales
- maximise retention by building a strong practice identity and clearly defining career pathways
- balance retention and profitability to grow a healthy delivery organisation while minimising costs",handbook,false,none,
Q007,8,9.982836,CH0083,DOC016,associate_designer.md,roles,Associate Designer > Summary,"Made Tech wants to positively impact the country's future by using technology to improve society. We believe being design-led can create positive outcomes in the public sector through critical services enabled by technology. We’ve built a community of designers and researchers to support the public sector's growing demand for a design-led approach to service delivery.  
Associate Designers are practitioners who collaborate with others to tackle challenges faced by people and society. They work within a team to design and deliver public services. They do this by understanding problems and creating solutions that work equally well for users and stakeholders. They are active members of a healthy user-centred design (UCD) community and culture at Made Tech.  
Associate Designers might:
- have a degree in a subject like UX design or interaction design
- be a graduate of a vocational course in UX design
- already be a product designer, UX designer, service designer, or interaction designer",handbook,false,none,
Q008,1,21.143297,CH0043,DOC006,hybrid_working.md,benefits,Hybrid Working >  > Hybrid working guidance,"- Check that you're not needed on-site by a client or your team
- Ensure you're available for your team ceremonies as normal and are able to dial in without interruption
- Be a good Slack citizen and check in regularly and visibly with your team throughout the working day in public channels
- Ensure you're not expected for any in-person meetings or sessions",handbook,false,none,
Q008,2,20.515724,CH0046,DOC006,hybrid_working.md,benefits,Hybrid Working >  > Travel expenses,"Team members may expense travel to client sites that are outside of their regional office. Travel to and from your allocated office & within your regional office area is not able to be expensed.  
#### What is part of my regional office?
- London - within the M25
- Manchester - all Manchester postcodes (M postcodes)
- Bristol - within a 25KM radius of Bristol city centre
- Swansea - within a 25KM radius of Swansea city centre  
You will be able to use our TravelPerks platform to book trains and hotels for your journey. For more information on when and how to use this take a look at the [Travel Perk doc](https://docs.google.com/document/d/1cgASgYU9rjF-y7pa9gJ9FJ8HCBP6M3ntmdgeLZclSPo/edit) and/or head over to our TravelPerks slack channel.",handbook,false,none,
Q008,3,20.281395,CH0041,DOC006,hybrid_working.md,benefits,Hybrid Working >  > Client office,Each of our clients will have their own requirements for Made Tech team members to work from their offices. All client-facing team members will be required to be able to travel to their assigned client office. We expect client-facing teams to create regular opportunities to come together to collaborate and where necessary to align with a client’s specific needs,handbook,false,none,
Q008,4,18.164107,CH0045,DOC006,hybrid_working.md,benefits,Hybrid Working >  > Working abroad,"Where possible we will support short-term/ad hoc remote working from outside of the UK (for example if someone wanted to travel and work from abroad for a few weeks during the year and this was viable).
Whilst we will always try to support this, in some cases this may not be feasible.  
When considering this option, you will need to:
- Discuss with your team (as in some cases, client requirements may not support this)
- Inform your line manager
- Let the People team know
- Ensure you're familiar with our security requirements  
Some things to be aware of when thinking about working abroad:
- Client laptops - you are not able to take a client laptop outside of the UK.
- VPN - you must use the VPN to access Made Tech systems.
- Our IT support - We’re only able to provide support during UK working hours. If there is a major issue with the laptop (or other equipment, such as your charger) you would be responsible for ensuring you are able to continue working until you return to the UK.  
If you remain uncertain or you have any additional questions, please reach out to the Compliance team, Ops, or People.",handbook,false,none,
Q008,5,16.66868,CH0044,DOC006,hybrid_working.md,benefits,Hybrid Working >  > Secure Remote Working,"When remote working, and when onsite with a client, it is important to pay close attention to these security guidelines in addition to your normal security practices:
- If you are in a public place, such as a coffee shop, make sure you are handling any sensitive data responsibly and securely. Can you be overseen? Is your connection secure?
- Ensure any work-related conversations can’t be overheard. If that’s not possible, try to talk in general terms, and without specific details such as names or clients",handbook,false,none,
Q008,6,13.15715,CH0040,DOC006,hybrid_working.md,benefits,Hybrid Working >  > Made Tech offices,"As part of our Hybrid Working policy, we want to encourage organic purposeful face-to-face sessions that help build relationships and stronger teams, which in turn deliver even better work for our teams and clients. Bringing people together regularly creates more opportunities for relationships to be built within teams, across Made Tech, and with our clients and partners.  
For our group-facing team members, and our client-facing team members that do not have a client onsite requirement, we encourage 2 - 3 days a month in a Made Tech office for purpose-driven activities that will help drive valuable outputs and relationship building.",handbook,false,none,
Q008,7,11.71795,CH0042,DOC006,hybrid_working.md,benefits,Hybrid Working >  > Exceptional Circumstances,"There may be circumstances where our team members may not be able to attend sites or our offices or may need additional support to be able to do so. We encourage you to reach out to your Line Manager and/or your People Partner to discuss how we can best support you.
You can find more information about hybrid working within our Hybrid Working Policy, and the supporting policies such as TOIL, Project Assignments and Reasonable Adjustments Passport - which you view with your Made Tech account.",handbook,false,none,
Q008,8,11.177669,CH0063,DOC014,work_ready.md,benefits,Work Ready,"**Work Ready Budget Policy**
From your first day at Made Tech, you have a £250 Work Ready allowance. This budget is strictly intended for essential equipment to equip yourself to be able to work from a client, Made Tech, or home office. It doesn't need to all be used in one go - you can come back and use the remaining budget when you need to.  
** Mandatory prerequisites**
Before utilising this budget, you must complete your DSE (Display Screen Equipment) training and assessment via iHASCO. This ensures your purchases align with health and safety requirements for your specific setup.  
**Eligible items (work-related only)**
This budget is for equipment that directly facilitates your work/daily tasks. Examples include:
Visual/tech: External monitors, laptop stands, adapters (HDMI, USB-C).
Peripherals: Keyboards, mice, webcams.
Ergonomics: Ergonomic chairs, stools, standing desks.
Audio/Power: Headsets for calls, extension leads.
Protection: Laptop bags/sleeves, privacy screens.  
** Ineligible Items (non-work expenses)**
To maintain the integrity of this benefit, the budget cannot be used for general household, lifestyle, or comfort items, including but not limited to:
Food/Drink: Coffee machines, kettles, snacks etc.
Decor: Plants, rugs, art etc.
General furniture: Sofas, armchairs, side tables etc.
Utilities: Bills, heating equipment, streaming subscriptions etc.
Non-work tech: Personal mobile phones, tablets, TVs etc.  
Note: If you are unsure whether an item is eligible, please get in touch with the Business Operations team by submitting a request through Ask Made Tech for pre-approval before purchasing. Unauthorised or non-compliant purchases may result in a declined expense or a request for reimbursement to the company.  
**How to purchase**
Happl Card: Purchase equipment directly via the Made Benefits platform using the virtual card on the Work Ready Budget page.
Personal card: If you use your own card, submit the expense via Xero.
Amazon orders: You must upload the final VAT invoice (available after delivery), not the order confirmation receipt.  
Security reminder: To prevent unauthorised charges, do not save the virtual card as a ""default"" or ""one-click"" payment method on any retail websites.",handbook,false,none,
